id_interaction,id_cp_interaction,multidata_1_id,multidata_2_id
0,cellchat-00001,0,0
1,cellchat-00003,1,281
2,cellchat-00013,1,282
3,cellchat-00023,1,283
4,cellchat-00033,1,284
5,cellchat-00043,1,285
6,cellchat-00053,2,286
7,cellchat-00063,2,287
8,cellchat-00073,2,288
9,cellchat-00083,3,289
10,cellchat-00084,4,290
11,cellchat-00093,4,291
12,cellchat-00102,4,292
13,cellchat-00112,4,293
14,cellchat-00121,5,21
15,cellchat-00122,6,294
16,cellchat-00124,7,295
17,cellchat-00140,7,296
18,cellchat-00156,7,297
19,cellchat-00172,7,298
20,cellchat-00193,8,282
21,cellchat-00203,8,286
22,cellchat-00213,8,285
23,cellchat-00223,9,299
24,cellchat-00232,9,300
25,cellchat-00241,9,301
26,cellchat-00250,9,302
27,cellchat-00259,10,295
28,cellchat-00281,10,298
29,cellchat-00297,10,303
30,cellchat-00313,11,304
31,cellchat-00318,12,305
32,cellchat-00327,12,306
33,cellchat-00336,12,307
34,cellchat-00345,12,308
35,cellchat-00354,12,309
36,cellchat-00363,13,310
37,cellchat-00374,13,311
38,cellchat-00385,14,312
39,cellchat-00407,15,313
40,cellchat-00416,15,314
41,cellchat-00425,15,315
42,cellchat-00434,15,316
43,cellchat-00443,16,315
44,cellchat-00452,17,317
45,cellchat-00461,18,317
46,cellchat-00470,19,294
47,cellchat-00472,20,308
48,cellchat-00481,20,309
49,cellchat-00490,21,318
50,cellchat-00491,21,21
51,cellchat-00492,21,319
52,cellchat-00493,21,320
53,cellchat-00494,21,321
54,cellchat-00495,22,322
55,cellchat-00497,22,323
56,cellchat-00499,23,294
57,cellchat-00503,23,324
58,cellchat-00507,24,290
59,cellchat-00517,24,291
60,cellchat-00527,24,292
61,cellchat-00536,24,293
62,cellchat-00545,25,325
63,cellchat-00554,26,306
64,cellchat-00577,26,294
65,cellchat-00579,27,326
66,cellchat-00580,28,327
67,cellchat-00611,28,328
68,cellchat-00640,29,327
69,cellchat-00656,30,327
70,cellchat-00672,31,329
71,cellchat-00695,31,330
72,cellchat-00696,31,331
73,cellchat-00697,31,332
74,cellchat-00698,31,333
75,cellchat-00699,31,334
76,cellchat-00700,31,335
77,cellchat-00701,31,336
78,cellchat-00702,32,329
79,cellchat-00725,32,330
80,cellchat-00726,32,331
81,cellchat-00727,32,332
82,cellchat-00728,32,333
83,cellchat-00729,32,334
84,cellchat-00730,32,335
85,cellchat-00731,32,336
86,cellchat-00732,33,329
87,cellchat-00755,33,330
88,cellchat-00756,33,331
89,cellchat-00757,33,332
90,cellchat-00758,33,333
91,cellchat-00759,33,334
92,cellchat-00760,33,335
93,cellchat-00761,33,336
94,cellchat-00762,34,329
95,cellchat-00785,34,330
96,cellchat-00786,34,331
97,cellchat-00787,34,332
98,cellchat-00788,34,333
99,cellchat-00789,34,334
100,cellchat-00790,34,335
101,cellchat-00791,34,336
102,cellchat-00792,34,337
103,cellchat-00814,35,329
104,cellchat-00837,35,330
105,cellchat-00838,35,331
106,cellchat-00839,35,332
107,cellchat-00840,35,333
108,cellchat-00841,35,334
109,cellchat-00842,35,335
110,cellchat-00843,35,336
111,cellchat-00844,36,338
112,cellchat-00845,36,339
113,cellchat-00846,36,340
114,cellchat-00847,36,341
115,cellchat-00848,36,342
116,cellchat-00849,37,338
117,cellchat-00850,37,339
118,cellchat-00851,37,340
119,cellchat-00852,37,341
120,cellchat-00853,37,342
121,cellchat-00854,38,338
122,cellchat-00855,38,339
123,cellchat-00856,38,340
124,cellchat-00857,38,341
125,cellchat-00858,38,342
126,cellchat-00859,39,306
127,cellchat-00908,39,343
128,cellchat-00941,39,344
129,cellchat-00963,39,294
130,cellchat-00985,40,345
131,cellchat-00994,41,306
132,cellchat-01020,41,343
133,cellchat-01042,41,344
134,cellchat-01064,41,294
135,cellchat-01088,42,306
136,cellchat-01110,42,346
137,cellchat-01144,42,347
138,cellchat-01178,42,348
139,cellchat-01212,42,349
140,cellchat-01246,43,346
141,cellchat-01280,43,347
142,cellchat-01315,43,348
143,cellchat-01350,43,349
144,cellchat-01384,44,346
145,cellchat-01418,44,347
146,cellchat-01452,44,348
147,cellchat-01486,44,349
148,cellchat-01520,45,346
149,cellchat-01554,45,347
150,cellchat-01588,45,348
151,cellchat-01622,45,349
152,cellchat-01656,46,346
153,cellchat-01690,46,347
154,cellchat-01724,46,348
155,cellchat-01758,46,349
156,cellchat-01792,47,346
157,cellchat-01826,47,347
158,cellchat-01860,47,348
159,cellchat-01894,47,349
160,cellchat-01928,48,346
161,cellchat-01962,48,347
162,cellchat-01996,48,348
163,cellchat-02030,48,349
164,cellchat-02064,49,346
165,cellchat-02098,49,347
166,cellchat-02132,49,348
167,cellchat-02166,49,349
168,cellchat-02200,50,346
169,cellchat-02234,50,347
170,cellchat-02268,50,348
171,cellchat-02302,50,349
172,cellchat-02336,51,346
173,cellchat-02370,51,348
174,cellchat-02404,52,350
175,cellchat-02429,52,351
176,cellchat-02454,52,352
177,cellchat-02479,53,353
178,cellchat-02488,53,354
179,cellchat-02497,54,355
180,cellchat-02531,55,5
181,cellchat-02532,56,295
182,cellchat-02548,56,296
183,cellchat-02564,56,298
184,cellchat-02580,57,57
185,cellchat-02581,57,176
186,cellchat-02582,57,177
187,cellchat-02583,58,356
188,cellchat-02585,59,346
189,cellchat-02619,59,347
190,cellchat-02653,59,348
191,cellchat-02687,59,349
192,cellchat-02721,60,346
193,cellchat-02755,60,347
194,cellchat-02789,60,348
195,cellchat-02823,60,349
196,cellchat-02857,61,295
197,cellchat-02873,61,357
198,cellchat-02882,61,358
199,cellchat-02898,61,359
200,cellchat-02918,61,298
201,cellchat-02934,62,360
202,cellchat-02936,63,345
203,cellchat-02945,63,361
204,cellchat-02956,63,317
205,cellchat-02965,64,361
206,cellchat-02976,65,362
207,cellchat-02988,66,295
208,cellchat-03004,66,358
209,cellchat-03020,66,298
210,cellchat-03036,67,346
211,cellchat-03070,67,348
212,cellchat-03104,68,353
213,cellchat-03113,68,354
214,cellchat-03122,69,353
215,cellchat-03131,69,354
216,cellchat-03140,70,363
217,cellchat-03144,71,363
218,cellchat-03148,72,364
219,cellchat-03157,72,299
220,cellchat-03166,73,364
221,cellchat-03175,73,299
222,cellchat-03184,74,364
223,cellchat-03193,74,299
224,cellchat-03202,75,365
225,cellchat-03224,76,366
226,cellchat-03233,76,367
227,cellchat-03242,77,365
228,cellchat-03264,78,290
229,cellchat-03273,78,291
230,cellchat-03282,78,292
231,cellchat-03292,78,293
232,cellchat-03301,79,368
233,cellchat-03311,79,369
234,cellchat-03321,80,370
235,cellchat-03331,80,368
236,cellchat-03341,80,369
237,cellchat-03351,81,368
238,cellchat-03361,81,369
239,cellchat-03371,82,300
240,cellchat-03380,82,301
241,cellchat-03389,83,324
242,cellchat-03425,84,294
243,cellchat-03427,85,371
244,cellchat-03436,85,372
245,cellchat-03445,86,366
246,cellchat-03454,86,367
247,cellchat-03463,87,366
248,cellchat-03472,87,367
249,cellchat-03481,88,371
250,cellchat-03720,88,462
251,cellchat-03725,88,372
252,cellchat-03964,89,371
253,cellchat-04203,89,462
254,cellchat-04208,89,372
255,cellchat-04447,90,371
256,cellchat-04686,90,462
257,cellchat-04691,90,372
258,cellchat-04930,91,371
259,cellchat-05169,91,462
260,cellchat-05174,91,372
261,cellchat-05413,92,371
262,cellchat-05652,92,462
263,cellchat-05657,92,372
264,cellchat-05896,93,371
265,cellchat-06135,93,462
266,cellchat-06140,93,372
267,cellchat-06379,94,371
268,cellchat-06618,94,462
269,cellchat-06623,94,372
270,cellchat-06862,95,371
271,cellchat-07101,95,462
272,cellchat-07106,95,372
273,cellchat-07345,96,371
274,cellchat-07584,96,372
275,cellchat-07823,97,371
276,cellchat-08062,97,462
277,cellchat-08067,97,372
278,cellchat-08306,98,371
279,cellchat-08545,98,462
280,cellchat-08550,98,372
281,cellchat-08789,99,371
282,cellchat-09028,99,462
283,cellchat-09033,99,372
284,cellchat-09272,100,371
285,cellchat-09511,100,462
286,cellchat-09516,100,372
287,cellchat-09755,101,371
288,cellchat-09995,101,462
289,cellchat-10000,101,372
290,cellchat-10240,102,373
291,cellchat-10492,102,463
292,cellchat-10493,102,374
293,cellchat-10745,102,375
294,cellchat-10754,103,371
295,cellchat-10763,103,372
296,cellchat-10772,104,376
297,cellchat-10819,104,377
298,cellchat-10841,105,376
299,cellchat-10876,105,377
300,cellchat-10898,106,322
301,cellchat-10900,106,360
302,cellchat-10902,106,323
303,cellchat-10904,107,378
304,cellchat-10921,107,379
305,cellchat-10935,108,378
306,cellchat-10956,108,379
307,cellchat-10973,109,380
308,cellchat-10983,109,381
309,cellchat-10993,109,382
310,cellchat-11003,110,383
311,cellchat-11019,111,313
312,cellchat-11028,111,314
313,cellchat-11041,111,316
314,cellchat-11054,112,382
315,cellchat-11063,112,384
316,cellchat-11073,112,385
317,cellchat-11082,112,386
318,cellchat-11091,112,387
319,cellchat-11100,113,313
320,cellchat-11109,113,314
321,cellchat-11118,113,388
322,cellchat-11127,114,307
323,cellchat-11138,114,308
324,cellchat-11147,115,382
325,cellchat-11156,115,389
326,cellchat-11165,116,368
327,cellchat-11175,116,369
328,cellchat-11185,117,382
329,cellchat-11194,117,390
330,cellchat-11203,118,364
331,cellchat-11212,118,391
332,cellchat-11221,118,464
333,cellchat-11228,118,299
334,cellchat-11237,119,307
335,cellchat-11246,119,308
336,cellchat-11255,119,392
337,cellchat-11264,120,393
338,cellchat-11274,120,394
339,cellchat-11284,121,395
340,cellchat-11293,121,393
341,cellchat-11303,121,394
342,cellchat-11313,122,382
343,cellchat-11322,122,384
344,cellchat-11331,122,385
345,cellchat-11340,122,386
346,cellchat-11349,123,380
347,cellchat-11358,123,381
348,cellchat-11367,123,382
349,cellchat-11376,123,396
350,cellchat-11385,124,397
351,cellchat-11388,124,398
352,cellchat-11391,124,399
353,cellchat-11394,124,400
354,cellchat-11397,125,397
355,cellchat-11400,125,401
356,cellchat-11403,125,398
357,cellchat-11406,125,399
358,cellchat-11409,125,400
359,cellchat-11412,126,398
360,cellchat-11415,126,399
361,cellchat-11418,126,400
362,cellchat-11421,127,282
363,cellchat-11431,127,287
364,cellchat-11441,128,376
365,cellchat-11472,128,377
366,cellchat-11509,129,290
367,cellchat-11519,129,291
368,cellchat-11529,129,292
369,cellchat-11538,129,293
370,cellchat-11547,130,306
371,cellchat-11573,130,344
372,cellchat-11595,131,402
373,cellchat-11613,131,403
374,cellchat-11643,132,281
375,cellchat-11653,132,282
376,cellchat-11663,132,283
377,cellchat-11673,133,322
378,cellchat-11675,133,360
379,cellchat-11677,133,323
380,cellchat-11679,134,404
381,cellchat-11690,135,308
382,cellchat-11699,135,309
383,cellchat-11708,136,405
384,cellchat-11714,136,406
385,cellchat-11716,137,281
386,cellchat-11726,137,283
387,cellchat-11736,138,290
388,cellchat-11743,138,291
389,cellchat-11750,139,407
390,cellchat-11785,140,282
391,cellchat-11795,140,287
392,cellchat-11805,141,343
393,cellchat-11827,141,408
394,cellchat-11849,141,409
395,cellchat-11874,142,397
396,cellchat-11876,142,398
397,cellchat-11878,142,399
398,cellchat-11880,142,400
399,cellchat-11882,143,410
400,cellchat-11898,143,411
401,cellchat-11914,144,412
402,cellchat-11935,145,412
403,cellchat-11947,146,413
404,cellchat-11959,147,408
405,cellchat-11981,147,409
406,cellchat-12006,147,414
407,cellchat-12031,147,415
408,cellchat-12038,148,408
409,cellchat-12060,148,409
410,cellchat-12082,148,414
411,cellchat-12107,149,308
412,cellchat-12116,149,309
413,cellchat-12125,149,416
414,cellchat-12134,150,150
415,cellchat-12135,151,417
416,cellchat-12151,152,300
417,cellchat-12160,152,301
418,cellchat-12169,152,302
419,cellchat-12178,153,418
420,cellchat-12187,153,391
421,cellchat-12196,153,299
422,cellchat-12205,153,387
423,cellchat-12214,153,302
424,cellchat-12223,154,154
425,cellchat-12224,154,179
426,cellchat-12225,154,256
427,cellchat-12226,155,353
428,cellchat-12235,155,354
429,cellchat-12244,156,365
430,cellchat-12266,157,465
431,cellchat-12272,157,466
432,cellchat-12278,157,420
433,cellchat-12290,157,467
434,cellchat-12296,157,468
435,cellchat-12302,157,354
436,cellchat-12311,157,469
437,cellchat-12317,157,470
438,cellchat-12323,157,471
439,cellchat-12329,157,472
440,cellchat-12335,157,473
441,cellchat-12341,157,474
442,cellchat-12347,157,475
443,cellchat-12353,157,476
444,cellchat-12359,157,425
445,cellchat-12371,157,477
446,cellchat-12377,157,478
447,cellchat-12383,157,479
448,cellchat-12389,157,480
449,cellchat-12395,157,481
450,cellchat-12401,157,482
451,cellchat-12407,157,483
452,cellchat-12413,157,484
453,cellchat-12419,158,429
454,cellchat-12464,158,337
455,cellchat-12509,159,429
456,cellchat-12554,159,337
457,cellchat-12599,160,395
458,cellchat-12608,160,393
459,cellchat-12617,160,394
460,cellchat-12626,161,430
461,cellchat-12642,161,431
462,cellchat-12658,162,287
463,cellchat-12668,163,287
464,cellchat-12678,164,350
465,cellchat-12703,165,465
466,cellchat-12709,165,466
467,cellchat-12715,165,420
468,cellchat-12727,165,467
469,cellchat-12733,165,468
470,cellchat-12739,165,469
471,cellchat-12745,165,470
472,cellchat-12751,165,471
473,cellchat-12757,165,472
474,cellchat-12763,165,423
475,cellchat-12775,165,473
476,cellchat-12781,165,474
477,cellchat-12787,165,475
478,cellchat-12793,165,476
479,cellchat-12799,165,425
480,cellchat-12811,165,477
481,cellchat-12817,165,478
482,cellchat-12823,165,479
483,cellchat-12829,165,480
484,cellchat-12835,165,427
485,cellchat-12847,165,481
486,cellchat-12853,165,482
487,cellchat-12859,165,483
488,cellchat-12865,165,484
489,cellchat-12871,166,295
490,cellchat-12887,166,432
491,cellchat-12910,166,298
492,cellchat-12926,167,290
493,cellchat-12935,167,291
494,cellchat-12944,167,292
495,cellchat-12954,167,293
496,cellchat-12963,168,368
497,cellchat-12973,168,369
498,cellchat-12983,169,433
499,cellchat-12990,170,350
500,cellchat-13015,170,351
501,cellchat-13040,170,352
502,cellchat-13065,170,429
503,cellchat-13099,170,337
504,cellchat-13133,171,317
505,cellchat-13148,172,282
506,cellchat-13158,172,286
507,cellchat-13168,173,371
508,cellchat-13177,173,372
509,cellchat-13186,174,434
510,cellchat-13202,175,434
511,cellchat-13218,176,57
512,cellchat-13219,176,176
513,cellchat-13220,176,254
514,cellchat-13221,177,57
515,cellchat-13222,177,177
516,cellchat-13223,177,254
517,cellchat-13224,178,435
518,cellchat-13234,179,154
519,cellchat-13235,179,179
520,cellchat-13236,179,256
521,cellchat-13237,180,382
522,cellchat-13246,180,384
523,cellchat-13255,180,387
524,cellchat-13264,181,436
525,cellchat-13278,182,436
526,cellchat-13292,183,343
527,cellchat-13314,183,408
528,cellchat-13336,183,414
529,cellchat-13361,184,437
530,cellchat-13371,185,281
531,cellchat-13381,185,282
532,cellchat-13391,185,438
533,cellchat-13401,185,283
534,cellchat-13411,185,286
535,cellchat-13421,185,285
536,cellchat-13431,186,281
537,cellchat-13441,186,282
538,cellchat-13451,186,438
539,cellchat-13461,186,283
540,cellchat-13471,187,281
541,cellchat-13481,187,282
542,cellchat-13491,187,283
543,cellchat-13501,188,281
544,cellchat-13511,188,282
545,cellchat-13521,188,283
546,cellchat-13531,188,437
547,cellchat-13541,189,281
548,cellchat-13551,189,282
549,cellchat-13561,189,438
550,cellchat-13571,189,283
551,cellchat-13581,189,287
552,cellchat-13591,190,281
553,cellchat-13601,190,282
554,cellchat-13611,190,283
555,cellchat-13621,190,286
556,cellchat-13631,190,287
557,cellchat-13641,190,285
558,cellchat-13651,191,281
559,cellchat-13661,191,282
560,cellchat-13671,191,283
561,cellchat-13681,191,285
562,cellchat-13691,192,282
563,cellchat-13701,192,283
564,cellchat-13711,192,287
565,cellchat-13721,192,285
566,cellchat-13731,193,439
567,cellchat-13741,193,281
568,cellchat-13751,193,282
569,cellchat-13761,193,283
570,cellchat-13771,193,287
571,cellchat-13781,193,285
572,cellchat-13791,194,281
573,cellchat-13801,194,282
574,cellchat-13811,194,283
575,cellchat-13821,195,281
576,cellchat-13831,195,282
577,cellchat-13841,196,281
578,cellchat-13851,196,283
579,cellchat-13861,196,437
580,cellchat-13871,196,285
581,cellchat-13881,197,438
582,cellchat-13891,197,437
583,cellchat-13901,198,281
584,cellchat-13911,198,282
585,cellchat-13921,198,437
586,cellchat-13931,199,440
587,cellchat-13941,199,286
588,cellchat-13951,199,287
589,cellchat-13961,200,441
590,cellchat-13971,200,287
591,cellchat-13981,201,440
592,cellchat-13991,201,286
593,cellchat-14001,201,287
594,cellchat-14011,202,438
595,cellchat-14021,203,281
596,cellchat-14031,204,282
597,cellchat-14041,204,285
598,cellchat-14051,205,439
599,cellchat-14061,205,286
600,cellchat-14071,206,368
601,cellchat-14081,206,369
602,cellchat-14091,207,282
603,cellchat-14101,207,287
604,cellchat-14111,208,368
605,cellchat-14121,208,369
606,cellchat-14131,209,370
607,cellchat-14141,210,284
608,cellchat-14151,211,438
609,cellchat-14161,211,287
610,cellchat-14171,211,442
611,cellchat-14181,212,420
612,cellchat-14190,212,425
613,cellchat-14199,213,421
614,cellchat-14208,214,443
615,cellchat-14211,215,322
616,cellchat-14215,215,360
617,cellchat-14219,215,323
618,cellchat-14221,215,401
619,cellchat-14225,216,322
620,cellchat-14233,216,360
621,cellchat-14241,216,323
622,cellchat-14249,217,322
623,cellchat-14251,217,360
624,cellchat-14253,217,323
625,cellchat-14255,218,322
626,cellchat-14259,218,360
627,cellchat-14263,218,323
628,cellchat-14265,218,401
629,cellchat-14268,219,322
630,cellchat-14270,219,360
631,cellchat-14272,219,323
632,cellchat-14274,220,322
633,cellchat-14276,220,360
634,cellchat-14278,220,323
635,cellchat-14280,221,444
636,cellchat-14300,221,445
637,cellchat-14320,221,446
638,cellchat-14332,221,447
639,cellchat-14352,222,370
640,cellchat-14362,223,306
641,cellchat-14367,223,294
642,cellchat-14369,224,290
643,cellchat-14376,225,306
644,cellchat-14421,225,343
645,cellchat-14452,225,344
646,cellchat-14474,225,294
647,cellchat-14496,226,448
648,cellchat-14522,226,485
649,cellchat-14525,226,449
650,cellchat-14551,227,448
651,cellchat-14574,227,485
652,cellchat-14577,227,449
653,cellchat-14600,228,448
654,cellchat-14623,228,485
655,cellchat-14626,228,449
656,cellchat-14649,229,375
657,cellchat-14658,230,450
658,cellchat-14685,230,405
659,cellchat-14693,231,295
660,cellchat-14709,231,298
661,cellchat-14730,232,306
662,cellchat-14755,232,350
663,cellchat-14780,232,352
664,cellchat-14807,233,350
665,cellchat-14832,233,352
666,cellchat-14857,234,350
667,cellchat-14882,234,351
668,cellchat-14907,234,352
669,cellchat-14932,235,295
670,cellchat-14948,235,451
671,cellchat-14964,235,298
672,cellchat-14980,235,303
673,cellchat-14996,236,419
674,cellchat-15008,236,465
675,cellchat-15014,236,466
676,cellchat-15020,236,420
677,cellchat-15032,236,467
678,cellchat-15038,236,468
679,cellchat-15044,236,353
680,cellchat-15053,236,354
681,cellchat-15062,236,421
682,cellchat-15074,236,469
683,cellchat-15080,236,470
684,cellchat-15086,236,422
685,cellchat-15098,236,471
686,cellchat-15104,236,472
687,cellchat-15110,236,423
688,cellchat-15122,236,473
689,cellchat-15128,236,474
690,cellchat-15134,236,424
691,cellchat-15146,236,475
692,cellchat-15152,236,476
693,cellchat-15158,236,477
694,cellchat-15164,236,478
695,cellchat-15170,236,426
696,cellchat-15182,236,479
697,cellchat-15188,236,480
698,cellchat-15194,236,427
699,cellchat-15206,236,481
700,cellchat-15212,236,482
701,cellchat-15218,236,428
702,cellchat-15230,236,483
703,cellchat-15236,236,484
704,cellchat-15242,237,465
705,cellchat-15248,237,466
706,cellchat-15254,237,420
707,cellchat-15266,237,467
708,cellchat-15272,237,468
709,cellchat-15278,237,353
710,cellchat-15287,237,354
711,cellchat-15296,237,421
712,cellchat-15308,237,469
713,cellchat-15314,237,470
714,cellchat-15320,237,422
715,cellchat-15332,237,471
716,cellchat-15338,237,472
717,cellchat-15344,237,423
718,cellchat-15356,237,473
719,cellchat-15362,237,474
720,cellchat-15368,237,424
721,cellchat-15380,237,475
722,cellchat-15386,237,476
723,cellchat-15392,237,477
724,cellchat-15398,237,478
725,cellchat-15404,237,426
726,cellchat-15416,237,479
727,cellchat-15422,237,480
728,cellchat-15428,237,427
729,cellchat-15440,237,481
730,cellchat-15446,237,482
731,cellchat-15452,237,428
732,cellchat-15464,237,483
733,cellchat-15470,237,484
734,cellchat-15476,238,465
735,cellchat-15482,238,466
736,cellchat-15488,238,467
737,cellchat-15494,238,468
738,cellchat-15500,238,353
739,cellchat-15509,238,421
740,cellchat-15521,238,469
741,cellchat-15527,238,470
742,cellchat-15533,238,471
743,cellchat-15539,238,472
744,cellchat-15545,238,423
745,cellchat-15557,238,473
746,cellchat-15563,238,474
747,cellchat-15569,238,475
748,cellchat-15575,238,476
749,cellchat-15581,238,477
750,cellchat-15587,238,478
751,cellchat-15593,238,426
752,cellchat-15605,238,479
753,cellchat-15611,238,480
754,cellchat-15617,238,427
755,cellchat-15629,238,481
756,cellchat-15635,238,482
757,cellchat-15641,238,483
758,cellchat-15647,238,484
759,cellchat-15653,239,419
760,cellchat-15669,239,420
761,cellchat-15685,239,353
762,cellchat-15694,239,354
763,cellchat-15703,239,421
764,cellchat-15719,239,422
765,cellchat-15735,239,423
766,cellchat-15751,239,424
767,cellchat-15767,239,425
768,cellchat-15783,239,426
769,cellchat-15799,239,427
770,cellchat-15815,239,428
771,cellchat-15831,240,465
772,cellchat-15837,240,466
773,cellchat-15843,240,467
774,cellchat-15849,240,468
775,cellchat-15855,240,353
776,cellchat-15864,240,354
777,cellchat-15873,240,469
778,cellchat-15879,240,470
779,cellchat-15885,240,471
780,cellchat-15891,240,472
781,cellchat-15897,240,473
782,cellchat-15903,240,474
783,cellchat-15909,240,424
784,cellchat-15921,240,475
785,cellchat-15927,240,476
786,cellchat-15933,240,477
787,cellchat-15939,240,478
788,cellchat-15945,240,426
789,cellchat-15957,240,479
790,cellchat-15963,240,480
791,cellchat-15969,240,481
792,cellchat-15975,240,482
793,cellchat-15981,240,483
794,cellchat-15987,240,484
795,cellchat-15993,241,419
796,cellchat-16005,241,465
797,cellchat-16011,241,466
798,cellchat-16017,241,467
799,cellchat-16023,241,468
800,cellchat-16029,241,353
801,cellchat-16038,241,421
802,cellchat-16050,241,469
803,cellchat-16056,241,470
804,cellchat-16062,241,471
805,cellchat-16068,241,472
806,cellchat-16074,241,423
807,cellchat-16086,241,473
808,cellchat-16092,241,474
809,cellchat-16098,241,475
810,cellchat-16104,241,476
811,cellchat-16110,241,477
812,cellchat-16116,241,478
813,cellchat-16122,241,479
814,cellchat-16128,241,480
815,cellchat-16134,241,481
816,cellchat-16140,241,482
817,cellchat-16146,241,428
818,cellchat-16158,241,483
819,cellchat-16164,241,484
820,cellchat-16170,242,419
821,cellchat-16182,242,465
822,cellchat-16188,242,466
823,cellchat-16194,242,467
824,cellchat-16200,242,468
825,cellchat-16206,242,354
826,cellchat-16215,242,421
827,cellchat-16227,242,469
828,cellchat-16233,242,470
829,cellchat-16239,242,471
830,cellchat-16245,242,472
831,cellchat-16251,242,423
832,cellchat-16263,242,473
833,cellchat-16269,242,474
834,cellchat-16275,242,424
835,cellchat-16287,242,475
836,cellchat-16293,242,476
837,cellchat-16299,242,477
838,cellchat-16305,242,478
839,cellchat-16311,242,479
840,cellchat-16317,242,480
841,cellchat-16323,242,427
842,cellchat-16335,242,481
843,cellchat-16341,242,482
844,cellchat-16347,242,483
845,cellchat-16353,242,484
846,cellchat-16359,243,465
847,cellchat-16365,243,466
848,cellchat-16371,243,467
849,cellchat-16377,243,468
850,cellchat-16383,243,353
851,cellchat-16392,243,354
852,cellchat-16401,243,421
853,cellchat-16413,243,469
854,cellchat-16419,243,470
855,cellchat-16425,243,471
856,cellchat-16431,243,472
857,cellchat-16437,243,473
858,cellchat-16443,243,474
859,cellchat-16449,243,424
860,cellchat-16461,243,475
861,cellchat-16467,243,476
862,cellchat-16473,243,477
863,cellchat-16479,243,478
864,cellchat-16485,243,479
865,cellchat-16491,243,480
866,cellchat-16497,243,427
867,cellchat-16509,243,481
868,cellchat-16515,243,482
869,cellchat-16521,243,483
870,cellchat-16527,243,484
871,cellchat-16533,244,465
872,cellchat-16539,244,466
873,cellchat-16545,244,467
874,cellchat-16551,244,468
875,cellchat-16557,244,354
876,cellchat-16566,244,469
877,cellchat-16572,244,470
878,cellchat-16578,244,471
879,cellchat-16584,244,472
880,cellchat-16590,244,473
881,cellchat-16596,244,474
882,cellchat-16602,244,475
883,cellchat-16608,244,476
884,cellchat-16614,244,477
885,cellchat-16620,244,478
886,cellchat-16626,244,479
887,cellchat-16632,244,480
888,cellchat-16638,244,481
889,cellchat-16644,244,482
890,cellchat-16650,244,483
891,cellchat-16656,244,484
892,cellchat-16662,245,465
893,cellchat-16668,245,466
894,cellchat-16674,245,467
895,cellchat-16680,245,468
896,cellchat-16686,245,353
897,cellchat-16695,245,354
898,cellchat-16704,245,469
899,cellchat-16710,245,470
900,cellchat-16716,245,471
901,cellchat-16722,245,472
902,cellchat-16728,245,473
903,cellchat-16734,245,474
904,cellchat-16740,245,475
905,cellchat-16746,245,476
906,cellchat-16752,245,477
907,cellchat-16758,245,478
908,cellchat-16764,245,426
909,cellchat-16776,245,479
910,cellchat-16782,245,480
911,cellchat-16788,245,481
912,cellchat-16794,245,482
913,cellchat-16800,245,483
914,cellchat-16806,245,484
915,cellchat-16812,246,419
916,cellchat-16824,246,420
917,cellchat-16836,246,421
918,cellchat-16848,246,422
919,cellchat-16860,246,423
920,cellchat-16872,246,424
921,cellchat-16884,246,425
922,cellchat-16896,246,426
923,cellchat-16908,246,427
924,cellchat-16920,246,428
925,cellchat-16932,247,465
926,cellchat-16938,247,466
927,cellchat-16944,247,467
928,cellchat-16950,247,468
929,cellchat-16956,247,353
930,cellchat-16965,247,354
931,cellchat-16974,247,469
932,cellchat-16980,247,470
933,cellchat-16986,247,471
934,cellchat-16992,247,472
935,cellchat-16998,247,473
936,cellchat-17004,247,474
937,cellchat-17010,247,424
938,cellchat-17022,247,475
939,cellchat-17028,247,476
940,cellchat-17034,247,477
941,cellchat-17040,247,478
942,cellchat-17046,247,426
943,cellchat-17058,247,479
944,cellchat-17064,247,480
945,cellchat-17070,247,481
946,cellchat-17076,247,482
947,cellchat-17082,247,483
948,cellchat-17088,247,484
949,cellchat-17094,248,419
950,cellchat-17106,248,465
951,cellchat-17112,248,466
952,cellchat-17118,248,467
953,cellchat-17124,248,468
954,cellchat-17130,248,353
955,cellchat-17139,248,354
956,cellchat-17148,248,469
957,cellchat-17154,248,470
958,cellchat-17160,248,471
959,cellchat-17166,248,472
960,cellchat-17172,248,473
961,cellchat-17178,248,474
962,cellchat-17184,248,424
963,cellchat-17196,248,475
964,cellchat-17202,248,476
965,cellchat-17208,248,477
966,cellchat-17214,248,478
967,cellchat-17220,248,479
968,cellchat-17226,248,480
969,cellchat-17232,248,481
970,cellchat-17238,248,482
971,cellchat-17244,248,483
972,cellchat-17250,248,484
973,cellchat-17256,249,419
974,cellchat-17268,249,465
975,cellchat-17274,249,466
976,cellchat-17280,249,467
977,cellchat-17286,249,468
978,cellchat-17292,249,353
979,cellchat-17301,249,354
980,cellchat-17310,249,421
981,cellchat-17322,249,469
982,cellchat-17328,249,470
983,cellchat-17334,249,471
984,cellchat-17340,249,472
985,cellchat-17346,249,473
986,cellchat-17352,249,474
987,cellchat-17358,249,424
988,cellchat-17370,249,475
989,cellchat-17376,249,476
990,cellchat-17382,249,477
991,cellchat-17388,249,478
992,cellchat-17394,249,479
993,cellchat-17400,249,480
994,cellchat-17406,249,427
995,cellchat-17418,249,481
996,cellchat-17424,249,482
997,cellchat-17430,249,483
998,cellchat-17436,249,484
999,cellchat-17442,250,429
1000,cellchat-17476,250,337
1001,cellchat-17510,251,465
1002,cellchat-17516,251,466
1003,cellchat-17522,251,467
1004,cellchat-17528,251,468
1005,cellchat-17534,251,421
1006,cellchat-17546,251,469
1007,cellchat-17552,251,470
1008,cellchat-17558,251,471
1009,cellchat-17564,251,472
1010,cellchat-17570,251,423
1011,cellchat-17582,251,473
1012,cellchat-17588,251,474
1013,cellchat-17594,251,475
1014,cellchat-17600,251,476
1015,cellchat-17606,251,477
1016,cellchat-17612,251,478
1017,cellchat-17618,251,479
1018,cellchat-17624,251,480
1019,cellchat-17630,251,427
1020,cellchat-17642,251,481
1021,cellchat-17648,251,482
1022,cellchat-17654,251,483
1023,cellchat-17660,251,484
1024,cellchat-17666,252,346
1025,cellchat-17700,252,347
1026,cellchat-17734,252,348
1027,cellchat-17768,252,349
1028,cellchat-17802,253,419
1029,cellchat-17818,253,420
1030,cellchat-17834,253,421
1031,cellchat-17850,253,422
1032,cellchat-17866,253,423
1033,cellchat-17882,253,424
1034,cellchat-17898,253,425
1035,cellchat-17914,253,426
1036,cellchat-17930,253,427
1037,cellchat-17946,253,428
1038,cellchat-17962,253,483
1039,cellchat-17968,253,484
1040,cellchat-17974,254,254
1041,cellchat-17975,255,322
1042,cellchat-17977,255,360
1043,cellchat-17979,255,323
1044,cellchat-17981,256,154
1045,cellchat-17982,256,179
1046,cellchat-17983,256,256
1047,cellchat-17984,257,399
1048,cellchat-17987,257,400
1049,cellchat-17990,258,366
1050,cellchat-17999,258,367
1051,cellchat-18008,259,389
1052,cellchat-18017,259,452
1053,cellchat-18026,260,453
1054,cellchat-18034,261,454
1055,cellchat-18035,261,406
1056,cellchat-18037,262,455
1057,cellchat-18038,262,456
1058,cellchat-18039,263,346
1059,cellchat-18073,263,347
1060,cellchat-18107,263,348
1061,cellchat-18141,263,349
1062,cellchat-18175,264,346
1063,cellchat-18209,264,347
1064,cellchat-18243,264,348
1065,cellchat-18277,264,349
1066,cellchat-18311,265,346
1067,cellchat-18345,265,347
1068,cellchat-18379,265,348
1069,cellchat-18413,265,349
1070,cellchat-18447,266,419
1071,cellchat-18459,266,465
1072,cellchat-18465,266,466
1073,cellchat-18471,266,420
1074,cellchat-18483,266,467
1075,cellchat-18489,266,468
1076,cellchat-18495,266,353
1077,cellchat-18504,266,354
1078,cellchat-18513,266,421
1079,cellchat-18525,266,469
1080,cellchat-18531,266,470
1081,cellchat-18537,266,422
1082,cellchat-18549,266,471
1083,cellchat-18555,266,472
1084,cellchat-18561,266,423
1085,cellchat-18573,266,473
1086,cellchat-18579,266,474
1087,cellchat-18585,266,475
1088,cellchat-18591,266,476
1089,cellchat-18597,266,425
1090,cellchat-18609,266,477
1091,cellchat-18615,266,478
1092,cellchat-18621,266,426
1093,cellchat-18633,266,479
1094,cellchat-18639,266,480
1095,cellchat-18645,266,427
1096,cellchat-18657,266,481
1097,cellchat-18663,266,482
1098,cellchat-18669,266,483
1099,cellchat-18675,266,484
1100,cellchat-18681,267,275
1101,cellchat-18682,267,267
1102,cellchat-18683,268,267
1103,cellchat-18684,269,457
1104,cellchat-18693,269,458
1105,cellchat-18702,270,294
1106,cellchat-18704,271,442
1107,cellchat-18714,272,459
1108,cellchat-18716,273,460
1109,cellchat-18718,274,346
1110,cellchat-18752,274,347
1111,cellchat-18786,274,348
1112,cellchat-18820,274,349
1113,cellchat-18854,275,280
1114,cellchat-18855,275,268
1115,cellchat-18856,21,5
1116,cellchat-18857,21,278
1117,cellchat-18858,276,461
1118,cellchat-18859,83,329
1119,cellchat-18881,83,343
1120,cellchat-18906,83,349
1121,cellchat-18928,83,429
1122,cellchat-18953,277,290
1123,cellchat-18960,277,291
1124,cellchat-18967,139,306
1125,cellchat-18989,139,337
1126,cellchat-19011,278,21
1127,cellchat-19012,279,353
1128,cellchat-19021,184,281
1129,cellchat-19031,186,288
1130,cellchat-19041,188,288
1131,cellchat-19051,189,288
1132,cellchat-19061,196,288
1133,cellchat-19071,197,283
1134,cellchat-19081,211,286
1135,cellchat-19091,280,275
1136,cellchat-19092,232,429
1137,cellchat-19117,232,337
1138,cellchat-19142,254,176
1139,cellchat-19143,254,177
1140,cellchat-19144,268,275
